id,question_en,question_ar,answer_en,source_document
1,"What does UUID stand for in the e-invoice system and how does it differ from a company's internal invoice number?","ما المقصود بالرقم التعريفي الفريد للمستند (UUID) وكيف يختلف عن رقم الفاتورة الداخلي للشركة؟","The UUID is a unique identifier assigned to each document at the system level. It is separate from and different from the invoice number a company uses internally.",Introductory Guide
2,"How many types of validation checks does the e-invoicing system run on each submitted document?","كم عدد أنواع التحقق التي تُجريها المنظومة على كل مستند يتم إرساله؟","Nine types of checks are run on every submitted document, covering document structure, mandatory fields, digital signature, calculation accuracy, taxpayer/national ID verification, reference-document validity for notes, and duplicate detection.",Introductory Guide
3,"What are the five possible statuses a document can have in the system?","ما هي الحالات الخمس التي يمكن أن يكون عليها المستند في المنظومة؟","Submitted (pending verification), Valid, Invalid, Cancelled, and Rejected.",Introductory Guide
4,"Within what timeframe can a seller cancel an issued e-invoice?","خلال أي مدة يمكن للبائع إلغاء فاتورة إلكترونية تم إصدارها؟","The seller can cancel the invoice within a period set by law; the guide references this as a legally defined window rather than stating a fixed number of days.",Introductory Guide
5,"What happens if a buyer does not respond to a received invoice within the rejection window?","ماذا يحدث إذا لم يستجب المشتري للفاتورة المستلمة خلال مدة الرفض المسموح بها؟","If the buyer does not reject the invoice within the legally allowed period, the invoice is considered accepted by default.",Introductory Guide
6,"Through which channels can document notifications be sent to taxpayers?","عبر أي قنوات يمكن إرسال إخطارات المستندات إلى الممولين؟","Three channels: integration with the taxpayer's own ERP system, email, and SMS.",Introductory Guide
7,"What's the difference between a Credit Note and a Debit Note in this system?","ما الفرق بين إشعار الخصم وإشعار الإضافة في هذه المنظومة؟","A Debit Note increases amounts or items on a previously issued invoice; a Credit Note decreases them.",Introductory Guide
8,"Can a single credit or debit note reference more than one invoice?","هل يمكن أن يرتبط إشعار خصم أو إضافة واحد بأكثر من فاتورة؟","Yes, a note can reference one or more invoices, but it must reference at least one.",Introductory Guide
9,"Is there a cap on how large a credit note can be relative to the invoice it modifies?","هل هناك حد أقصى لقيمة إشعار الخصم بالنسبة لقيمة الفاتورة المرتبط بها؟","Yes, the credit note amount cannot exceed the total value of the invoice(s) it is linked to.",Introductory Guide
10,"In which languages can e-invoices be issued?","بأي اللغات يمكن إصدار الفاتورة الإلكترونية؟","Invoices can be issued in either Arabic or English.",FAQ Guide
11,"What are the three types of approved electronic documents exchanged in the system?","ما هي أنواع المستندات الإلكترونية المعتمدة المتاح تبادلها في المنظومة؟","Invoices, debit notes, and credit notes.",FAQ Guide
12,"Does using the e-invoicing API change the invoice format a company uses internally?","هل يؤدي استخدام واجهة برمجة التطبيقات الخاصة بالمنظومة إلى تغيير شكل الفاتورة المستخدم داخليًا بالشركة؟","No. The company's internal ERP invoice format stays the same; the API only transmits the invoice data to the system in JSON or XML format.",FAQ Guide
13,"What two coding standards does the e-invoicing system use for classifying goods and services?","ما هما معياري التكويد المستخدمان في المنظومة لتصنيف السلع والخدمات؟","GS1 for unique product coding, and GPC (Global Product Classification) for categorizing goods and services.",FAQ Guide
14,"If a company doesn't already use the GS1 coding standard internally, what must it do to use the e-invoicing system?","إذا كانت الشركة لا تستخدم معيار GS1 داخليًا، فماذا يجب عليها فعله للتعامل مع المنظومة؟","It must create a mapping between its own internal codes and the GS1/GPC standards used by the system.",FAQ Guide
15,"How far in advance must a company notify the tax authority before using a new product or service code?","قبل كم يوم يجب على الشركة إخطار المصلحة قبل استخدام كود جديد لمنتج أو خدمة؟","At least 15 days before using the new code.",FAQ Guide
